{
  "cli": {
    "version": ">= 2.1.0",
    "promptToConfigurePushNotifications": false
  },
  "build": {
    "development": {
      "developmentClient": true,
      "distribution": "internal",
      "ios": {
        "resourceClass": "m-medium"
      }
    },
    "preview": {
      "distribution": "internal",
      "ios": {
        "resourceClass": "m-medium"
      }
    },
    "production": {
      "ios": {
        "resourceClass": "m1-medium"
      }
    }
  },
  "submit": {
    "production": {}
  }
}
